<?xml version="1.0" encoding="UTF-8"?>
<!DOCTYPE mapper PUBLIC "-//mybatis.org//DTD Mapper 3.0//EN" "http://mybatis.org/dtd/mybatis-3-mapper.dtd">
<mapper namespace="com.dao.DiseasebioDAO">
  <resultMap id="BaseResultMap" type="com.bean.Diseasebio">
    <id column="id" jdbcType="BIGINT" property="ID" />
    <result column="Category" jdbcType="VARCHAR" property="RNA_CATEGORY" />
    <result column="Species" jdbcType="VARCHAR" property="SPECIES" />
    <result column="Biomolecule name" jdbcType="VARCHAR" property="RNA_SYMBOL" />
    <result column="Biomolecule ID" jdbcType="VARCHAR" property="BIOID" />
    <result column="Disease name" jdbcType="VARCHAR" property="DISEASE" />
    <result column="Disease ontology" jdbcType="VARCHAR" property="DISEASE_ONTOLOGY" />
    <result column="ICD-11 classification" jdbcType="VARCHAR" property="ICD_10" />
    <result column="Tissue" jdbcType="VARCHAR" property="TISSUE" />
    <result column="TissuePubMed_ID" jdbcType="VARCHAR" property="PUBMED_ID" />
    <result column="Interaction gene symbol" jdbcType="VARCHAR" property="INTERACTION" />
    <result column="Expression direction" jdbcType="VARCHAR" property="EXPRESSIONDIRECTION" />
    <result column="Experimental method" jdbcType="VARCHAR" property="DETECTIONMETHOD" />
    <result column="Experimental method classification" jdbcType="VARCHAR" property="DETECTIONMETHODCLASSIFICATION" />
    <result column="Throughput" jdbcType="VARCHAR" property="DETECTIONTHROUGHPUT" />
    <result column="Description" jdbcType="VARCHAR" property="DESCRIPTION" />
    <result column="Reference title" jdbcType="VARCHAR" property="REFERENCETITLE" />
    <result column="Year" jdbcType="VARCHAR" property="YEAR" />
      <result column="geoid" jdbcType="VARCHAR" property="GEOID" />
  </resultMap>
<!--  <sql id="Base_Column_List">-->
<!--    car_id, drive_mode, auto_power_type, front_suspension_type, rear_suspension_type, -->
<!--    front_brake_type, rear_brake_type, parking_brake_type, front_wheel_size, rear_wheel_size-->
<!--  </sql>-->

  <select id="queryAll" resultMap="BaseResultMap">
    select * from diease
  </select>

  <select id="queryAllDiseaseName" resultType="java.lang.String">
    select
    `Disease name`
    from
    diease
    group by `Disease name`
  </select>

  <select id="queryBymicroRNA" resultType="java.lang.String">
    select
    `Biomolecule name`
    from
    diease
    where
    Category = "microRNA"
    group by
    `Biomolecule name`
  </select>
  <select id="queryBylncRNA" resultType="java.lang.String">
    select
    `Biomolecule name`
    from
    diease
    where
    Category = "lncRNA"
    group by
    `Biomolecule name`
  </select>
    <select id="queryByTissue" resultType="java.lang.String">
        select
        `Tissue`
        from
        diease
        group by
        `Tissue`
    </select>
    <select id="queryByExperiment" resultType="java.lang.String">
        select
        `Experimental method`
        from
        diease
        group by
        `Experimental method`
    </select>

  <select id="queryByRNAName" resultMap="BaseResultMap">
    select
    *
    from
    diease
    where
    `Biomolecule name` = #{biomoleculeName}
    and
    Category = #{category}
  </select>

  <select id="queryByDisName" resultMap="BaseResultMap">
    select
    *
    from
    diease
    where
    `Disease name` = #{disName}
  </select>
    <select id="queryByTissue2" resultMap="BaseResultMap">
        select
        *
        from
        diease
        where
        `Tissue` = #{Tissue}
    </select>
    <select id="queryByExperiment2" resultMap="BaseResultMap">
        select
        *
        from
        diease
        where
        `Experimental method` = #{Experiment}
    </select>

  <select id="queryById" parameterType="java.lang.Long" resultMap="BaseResultMap">
    select
    *
    from
    diease
    where
    id = #{id}
  </select>

  <select id="queryBySearchVO" parameterType="com.dto.SearchVO" resultMap="BaseResultMap">
     select
     *
     from
     diease
     <where>
        <if test="searchVO.smolecule!=''">
          Category = #{searchVO.smoleculeType}
          and `Biomolecule name` = #{searchVO.smolecule}
        </if>
       <if test="searchVO.disease!=''">
         and `Disease name` = #{searchVO.disease}
       </if>
         <if test="searchVO.category!=null">
             and Category = #{searchVO.category}
         </if>
       <if test="searchVO.species!=null">
         and Species = #{searchVO.species}
       </if>
       <if test="searchVO.detection!=null">
         and Throughput = #{searchVO.detection}
       </if>
       <if test="searchVO.detectionType!=null">
         and `Experimental method classification` like
           <foreach collection="searchVO.detectionType" index="index" item="item"
                    separator="or" >
               '%${item}%'
           </foreach>
       </if>
     </where>
  </select>

    <select id="queryBySearchVOLike" parameterType="com.dto.SearchVO" resultMap="BaseResultMap">
        select
        *
        from
        diease
        <where>
            <if test="searchVO.smolecule!=''">
                Category = #{searchVO.smoleculeType}
                and `Biomolecule name` like '%${searchVO.smolecule}%'
            </if>
            <if test="searchVO.disease!=''">
                and `Disease name` like '%${searchVO.disease}%'
            </if>
            <if test="searchVO.category!=null">
                and Category = #{searchVO.category}
            </if>
            <if test="searchVO.species!=null">
                and Species = #{searchVO.species}
            </if>
            <if test="searchVO.detection!=null">
                and Throughput = #{searchVO.detection}
            </if>
            <if test="searchVO.detectionType!=null">
                and `Experimental method classification` like
                <foreach collection="searchVO.detectionType" index="index" item="item"
                         separator="or" >
                    '%${item}%'
                </foreach>
            </if>
        </where>
    </select>

    <select id="query" resultType="java.lang.String">
        select `Experimental method classification` from diease group by `Experimental method classification`
    </select>

    <insert id="save" parameterType="com.bean.SubData">
        insert into web_submit(
            author_name,
            email,
            title,
            pubmed_id,
            rna_category,
            rna_symbol,
            disease,
            tissue,
            species,
            interaction,
            detection_method,
            description
            )VALUES(
            #{sub.AuthorName},
            #{sub.Email},
            #{sub.Title},
            #{sub.Pubmed_Id},
            #{sub.RNA_Category},
            #{sub.RNA_symbol},
            #{sub.Disease},
            #{sub.Tissue},
            #{sub.Species},
            #{sub.Interaction},
            #{sub.DetectionMethod},
            #{sub.Description}
            )
    </insert>
</mapper>