<?xml version="1.0" encoding="UTF-8"?>
<beans xmlns="http://www.springframework.org/schema/beans"
       xmlns:xsi="http://www.w3.org/2001/XMLSchema-instance"
       xmlns:context="http://www.springframework.org/schema/context"
       xmlns:mvc="http://www.springframework.org/schema/mvc"
       xsi:schemaLocation="http://www.springframework.org/schema/beans
            http://www.springframework.org/schema/beans/spring-beans-3.1.xsd
            http://www.springframework.org/schema/context
            http://www.springframework.org/schema/context/spring-context-3.1.xsd
            http://www.springframework.org/schema/mvc
            http://www.springframework.org/schema/mvc/spring-mvc-3.1.xsd">

    <!-- 启动注解驱动的Spring MVC功能，注册请求url和注解POJO类方法的映射-->
    <mvc:annotation-driven />

    <!-- 启动包扫描功能，以便注册带有@Controllers、@service、@repository、@Component等注解的类成为spring的bean -->
    <context:component-scan base-package="com.controller" />
    <!-- 对模型视图名称的解析，在请求时模型视图名称添加前后缀 -->
    <bean class="org.springframework.web.servlet.view.InternalResourceViewResolver">
        <property name="viewClass" value="org.springframework.web.servlet.view.JstlView"/>
        <property name="prefix" value="/WEB-INF/views/"/>    <!-- 前缀 -->
        <property name="suffix" value=".jsp"/>    <!-- 后缀 -->
    </bean>

    <!-- 多部分文件上传 -->
    <bean id="multipartResolver" class="org.springframework.web.multipart.commons.CommonsMultipartResolver">
        <!-- 上传图片最大大小100M（5M  5242440）-->
        <property name="maxUploadSize" value="104857600" />
        <property name="maxInMemorySize" value="4096" />
        <!-- 设置默认编码 -->
        <property name="defaultEncoding" value="UTF-8"></property>
    </bean>

    <!-- 当在web.xml 中   DispatcherServlet使用 <url-pattern>/</url-pattern> 映射时，能映射静态资源 -->
    <mvc:default-servlet-handler/>
    <!-- 静态资源映射 -->
    <mvc:resources mapping="/resources/**" location="/resources/"/>

    <!-- 访问静态文件（jpg,js,css）的方法 -->
    <!--<mvc:resources location="/files/" mapping="/files/**" />-->
    <!--<mvc:resources location="/scripts/" mapping="/scripts/**" />-->
    <!--<mvc:resources location="/styles/" mapping="/styles/**" />-->
    <!--<mvc:resources location="/Views/" mapping="/Views/**" />-->




</beans>